number,name,neighbor_country,map_image_link,flag_image_link,capital,neighbor_capital,region,area,population,last_updated
1,Afghanistan,"Iran,Pakistan,Turkmenistan,Uzbekistan,Tajikistan,China,Macau,Israel,Palestine",country_game/images/wiki_all_map_400pi/Afghanistan_locator_map.png,country_game/images/wiki_flag/Afghanistan_flag.png,Kabul,"Tehran,Islamabad,Ashgabat,Tashkent,Dushanbe,Beijing,Unknown,Jerusalem,Ramallah",Asia,652230.0,40218234,1741103968
2,Albania,"Montenegro,Greece,North Macedonia,Kosovo,Moldova,Czechia,Guernsey,Jersey,France",country_game/images/wiki_all_map_400pi/Albania_locator_map.png,country_game/images/wiki_flag/Albania_flag.png,Tirana,"Podgorica,Athens,Skopje,Pristina,Chișinău,Prague,St. Peter Port,Saint Helier,Paris",Europe,28748.0,2837743,1741103968
3,Algeria,"Tunisia,Libya,Niger,Western Sahara,Mauritania,Mali,Morocco,Botswana,Cameroon",country_game/images/wiki_all_map_400pi/Algeria_locator_map.png,country_game/images/wiki_flag/Algeria_flag.png,Algiers,"Tunis,Tripoli,Niamey,El Aaiún,Nouakchott,Bamako,Rabat,Gaborone,Yaoundé",Africa,2381741.0,44700000,1741103968
4,Andorra,"France,Spain,Denmark,Hungary,Slovenia,Portugal,North Macedonia,Luxembourg,Ireland",country_game/images/wiki_all_map_400pi/Andorra_locator_map.png,country_game/images/wiki_flag/Andorra_flag.png,Andorra la Vella,"Paris,Madrid,Copenhagen,Budapest,Ljubljana,Lisbon,Skopje,Luxembourg,Dublin",Europe,468.0,77265,1741103968
5,Angola,"Republic of the Congo,DR Congo,Zambia,Namibia,Liberia,Gabon,Ethiopia,Cape Verde,Equatorial Guinea",country_game/images/wiki_all_map_400pi/Angola_locator_map.png,country_game/images/wiki_flag/Angola_flag.png,Luanda,"Brazzaville,Kinshasa,Lusaka,Windhoek,Monrovia,Libreville,Addis Ababa,Praia,Malabo",Africa,1246700.0,32866268,1741103968
6,Antigua_and_Barbuda,"Falkland Islands,Anguilla,Costa Rica,Argentina,Guadeloupe,Chile,Caribbean Netherlands,United States,Saint Barthélemy",country_game/images/wiki_all_map_400pi/Antigua_and_Barbuda_locator_map.png,country_game/images/wiki_flag/Antigua_and_Barbuda_flag.png,Saint John's,"Stanley,The Valley,San José,Buenos Aires,Basse-Terre,Santiago,Kralendijk,Washington, D.C.,Gustavia",Americas,442.0,97928,1741103968
7,Argentina,"Bolivia,Brazil,Chile,Paraguay,Uruguay,Guadeloupe,Aruba,British Virgin Islands,United States Minor Outlying Islands",country_game/images/wiki_all_map_400pi/Argentina_locator_map.png,country_game/images/wiki_flag/Argentina_flag.png,Buenos Aires,"Sucre,Brasília,Santiago,Asunción,Montevideo,Basse-Terre,Oranjestad,Road Town,Washington DC",Americas,2780400.0,45376763,1741103968
8,Armenia,"Azerbaijan,Georgia,Iran,Turkey,Kyrgyzstan,Palestine,Pakistan,Timor-Leste,India",country_game/images/wiki_all_map_400pi/Armenia_locator_map.png,country_game/images/wiki_flag/Armenia_flag.png,Yerevan,"Baku,Tbilisi,Tehran,Ankara,Bishkek,Ramallah,Islamabad,Dili,New Delhi",Asia,29743.0,2963234,1741103968
9,Australia,"Tuvalu,Papua New Guinea,Marshall Islands,Kiribati,Fiji,Wallis and Futuna,Christmas Island,Cook Islands,New Caledonia",country_game/images/wiki_all_map_400pi/Australia_locator_map.png,country_game/images/wiki_flag/Australia_flag.png,Canberra,"Funafuti,Port Moresby,Majuro,South Tarawa,Suva,Mata-Utu,Flying Fish Cove,Avarua,Nouméa",Oceania,7692024.0,25687041,1741103968
10,Austria,"Czechia,Germany,Hungary,Italy,Liechtenstein,Slovakia,Slovenia,Switzerland,Isle of Man",country_game/images/wiki_all_map_400pi/Austria_locator_map.png,country_game/images/wiki_flag/Austria_flag.png,Vienna,"Prague,Berlin,Budapest,Rome,Vaduz,Bratislava,Ljubljana,Bern,Douglas",Europe,83871.0,8917205,1741103968
11,Azerbaijan,"Armenia,Georgia,Iran,Russia,Turkey,Qatar,Maldives,Indonesia,Nepal",country_game/images/wiki_all_map_400pi/Azerbaijan_locator_map.png,country_game/images/wiki_flag/Azerbaijan_flag.png,Baku,"Yerevan,Tbilisi,Tehran,Moscow,Ankara,Doha,Malé,Jakarta,Kathmandu",Asia,86600.0,10110116,1741103968
12,Bahamas,"Brazil,Peru,Honduras,Venezuela,Puerto Rico,Belize,Saint Kitts and Nevis,United States Minor Outlying Islands,Uruguay",country_game/images/wiki_all_map_400pi/Bahamas_locator_map.png,country_game/images/wiki_flag/Bahamas_flag.png,Nassau,"Brasília,Lima,Tegucigalpa,Caracas,San Juan,Belmopan,Basseterre,Washington DC,Montevideo",Americas,13943.0,393248,1741103968
13,Bahrain,"Nepal,South Korea,Kyrgyzstan,Tajikistan,Bhutan,Malaysia,Taiwan,Brunei,North Korea",country_game/images/wiki_all_map_400pi/Bahrain_locator_map.png,country_game/images/wiki_flag/Bahrain_flag.png,Manama,"Kathmandu,Seoul,Bishkek,Dushanbe,Thimphu,Kuala Lumpur,Taipei,Bandar Seri Begawan,Pyongyang",Asia,765.0,1701583,1741103968
14,Bangladesh,"Myanmar,India,Tajikistan,Cambodia,Uzbekistan,Thailand,Saudi Arabia,Afghanistan,Israel",country_game/images/wiki_all_map_400pi/Bangladesh_locator_map.png,country_game/images/wiki_flag/Bangladesh_flag.png,Dhaka,"Naypyidaw,New Delhi,Dushanbe,Phnom Penh,Tashkent,Bangkok,Riyadh,Kabul,Jerusalem",Asia,147570.0,164689383,1741103968
15,Barbados,"Anguilla,Argentina,French Guiana,Chile,Turks and Caicos Islands,Mexico,Peru,Cayman Islands,Brazil",country_game/images/wiki_all_map_400pi/Barbados_locator_map.png,country_game/images/wiki_flag/Barbados_flag.png,Bridgetown,"The Valley,Buenos Aires,Cayenne,Santiago,Cockburn Town,Mexico City,Lima,George Town,Brasília",Americas,430.0,287371,1741103968
16,Belarus,"Latvia,Lithuania,Poland,Russia,Ukraine,Czechia,Kosovo,Luxembourg,Monaco",country_game/images/wiki_all_map_400pi/Belarus_locator_map.png,country_game/images/wiki_flag/Belarus_flag.png,Minsk,"Riga,Vilnius,Warsaw,Moscow,Kyiv,Prague,Pristina,Luxembourg,Monaco",Europe,207600.0,9398861,1741103968
17,Belgium,"France,Germany,Luxembourg,Netherlands,Portugal,Sweden,Croatia,Svalbard and Jan Mayen,Vatican City",country_game/images/wiki_all_map_400pi/Belgium_locator_map.png,country_game/images/wiki_flag/Belgium_flag.png,Brussels,"Paris,Berlin,Luxembourg,Amsterdam,Lisbon,Stockholm,Zagreb,Longyearbyen,Vatican City",Europe,30528.0,11555997,1741103968
18,Belize,"Guatemala,Mexico,Grenada,Bahamas,Montserrat,British Virgin Islands,Argentina,Curaçao,Sint Maarten",country_game/images/wiki_all_map_400pi/Belize_locator_map.png,country_game/images/wiki_flag/Belize_flag.png,Belmopan,"Guatemala City,Mexico City,St. George's,Nassau,Plymouth,Road Town,Buenos Aires,Willemstad,Philipsburg",Americas,22966.0,397621,1741103968
19,Benin,"Burkina Faso,Niger,Nigeria,Togo,Malawi,Equatorial Guinea,Saint Helena, Ascension and Tristan da Cunha,Ivory Coast,São Tomé and Príncipe",country_game/images/wiki_all_map_400pi/Benin_locator_map.png,country_game/images/wiki_flag/Benin_flag.png,Porto-Novo,"Ouagadougou,Niamey,Abuja,Lomé,Lilongwe,Malabo,Jamestown,Yamoussoukro,São Tomé",Africa,112622.0,12123198,1741103968
20,Bhutan,"China,India,Turkey,Sri Lanka,Brunei,Vietnam,Palestine,Armenia,Uzbekistan",country_game/images/wiki_all_map_400pi/Bhutan_locator_map.png,country_game/images/wiki_flag/Bhutan_flag.png,Thimphu,"Beijing,New Delhi,Ankara,Sri Jayawardenepura Kotte,Bandar Seri Begawan,Hanoi,Ramallah,Yerevan,Tashkent",Asia,38394.0,771612,1741103968
21,Bolivia,"Argentina,Brazil,Chile,Paraguay,Peru,Honduras,Anguilla,Guyana,Saint Martin",country_game/images/wiki_all_map_400pi/Bolivia_locator_map.png,country_game/images/wiki_flag/Bolivia_flag.png,Sucre,"Buenos Aires,Brasília,Santiago,Asunción,Lima,Tegucigalpa,The Valley,Georgetown,Marigot",Americas,1098581.0,11673029,1741103968
22,Bosnia_and_Herzegovina,"Croatia,Montenegro,Serbia,Albania,Cyprus,Moldova,Belgium,Greece,United Kingdom",country_game/images/wiki_all_map_400pi/Bosnia_and_Herzegovina_locator_map.png,country_game/images/wiki_flag/Bosnia_and_Herzegovina_flag.png,Sarajevo,"Zagreb,Podgorica,Belgrade,Tirana,Nicosia,Chișinău,Brussels,Athens,London",Europe,51209.0,3280815,1741103968
23,Botswana,"Namibia,South Africa,Zambia,Zimbabwe,Western Sahara,Ethiopia,Angola,Saint Helena, Ascension and Tristan da Cunha,DR Congo",country_game/images/wiki_all_map_400pi/Botswana_locator_map.png,country_game/images/wiki_flag/Botswana_flag.png,Gaborone,"Windhoek,Pretoria,Lusaka,Harare,El Aaiún,Addis Ababa,Luanda,Jamestown,Kinshasa",Africa,582000.0,2351625,1741103968
24,Brazil,"Argentina,Bolivia,Colombia,French Guiana,Guyana,Paraguay,Peru,Suriname,Uruguay",country_game/images/wiki_all_map_400pi/Brazil_locator_map.png,country_game/images/wiki_flag/Brazil_flag.png,Brasília,"Buenos Aires,Sucre,Bogotá,Cayenne,Georgetown,Asunción,Lima,Paramaribo,Montevideo",Americas,8515767.0,212559409,1741103968
25,Brunei,"Malaysia,Pakistan,United Arab Emirates,Vietnam,Georgia,Nepal,Uzbekistan,China,Sri Lanka",country_game/images/wiki_all_map_400pi/Brunei_locator_map.png,country_game/images/wiki_flag/Brunei_flag.png,Bandar Seri Begawan,"Kuala Lumpur,Islamabad,Abu Dhabi,Hanoi,Tbilisi,Kathmandu,Tashkent,Beijing,Sri Jayawardenepura Kotte",Asia,5765.0,437483,1741103968
26,Bulgaria,"Greece,North Macedonia,Romania,Serbia,Turkey,Norway,Andorra,Switzerland,Montenegro",country_game/images/wiki_all_map_400pi/Bulgaria_locator_map.png,country_game/images/wiki_flag/Bulgaria_flag.png,Sofia,"Athens,Skopje,Bucharest,Belgrade,Ankara,Oslo,Andorra la Vella,Bern,Podgorica",Europe,110879.0,6927288,1741103968
27,Burkina_Faso,"Benin,Ivory Coast,Ghana,Mali,Niger,Togo,Mozambique,Western Sahara,Seychelles",country_game/images/wiki_all_map_400pi/Burkina_Faso_locator_map.png,country_game/images/wiki_flag/Burkina_Faso_flag.png,Ouagadougou,"Porto-Novo,Yamoussoukro,Accra,Bamako,Niamey,Lomé,Maputo,El Aaiún,Victoria",Africa,272967.0,20903278,1741103968
28,Burundi,"DR Congo,Rwanda,Tanzania,Madagascar,Somalia,Mauritania,Togo,Guinea-Bissau,Equatorial Guinea",country_game/images/wiki_all_map_400pi/Burundi_locator_map.png,country_game/images/wiki_flag/Burundi_flag.png,Gitega,"Kinshasa,Kigali,Dodoma,Antananarivo,Mogadishu,Nouakchott,Lomé,Bissau,Malabo",Africa,27834.0,11890781,1741103968
29,Cambodia,"Laos,Thailand,Vietnam,Maldives,Bahrain,Kyrgyzstan,Yemen,Kazakhstan,Lebanon",country_game/images/wiki_all_map_400pi/Cambodia_locator_map.png,country_game/images/wiki_flag/Cambodia_flag.png,Phnom Penh,"Vientiane,Bangkok,Hanoi,Malé,Manama,Bishkek,Sana'a,Nur-Sultan,Beirut",Asia,181035.0,16718971,1741103968
30,Cameroon,"Central African Republic,Chad,Republic of the Congo,Equatorial Guinea,Gabon,Nigeria,Somalia,Botswana,Burkina Faso",country_game/images/wiki_all_map_400pi/Cameroon_locator_map.png,country_game/images/wiki_flag/Cameroon_flag.png,Yaoundé,"Bangui,N'Djamena,Brazzaville,Malabo,Libreville,Abuja,Mogadishu,Gaborone,Ouagadougou",Africa,475442.0,26545864,1741103968
31,Canada,"United States,Mexico,Haiti,El Salvador,Bahamas,Dominican Republic,Argentina,Peru,Honduras",country_game/images/wiki_all_map_400pi/Canada_locator_map.png,country_game/images/wiki_flag/Canada_flag.png,Ottawa,"Washington, D.C.,Mexico City,Port-au-Prince,San Salvador,Nassau,Santo Domingo,Buenos Aires,Lima,Tegucigalpa",Americas,9984670.0,38005238,1741103968
32,Cape_Verde,"Tanzania,Mauritius,DR Congo,Senegal,Gambia,Eritrea,Mozambique,Libya,Namibia",country_game/images/wiki_all_map_400pi/Cape_Verde_locator_map.png,country_game/images/wiki_flag/Cape_Verde_flag.png,Praia,"Dodoma,Port Louis,Kinshasa,Dakar,Banjul,Asmara,Maputo,Tripoli,Windhoek",Africa,4033.0,555988,1741103968
33,Central_African_Republic,"Cameroon,Chad,DR Congo,Republic of the Congo,South Sudan,Sudan,Rwanda,South Africa,Liberia",country_game/images/wiki_all_map_400pi/Central_African_Republic_locator_map.png,country_game/images/wiki_flag/Central_African_Republic_flag.png,Bangui,"Yaoundé,N'Djamena,Kinshasa,Brazzaville,Juba,Khartoum,Kigali,Pretoria,Monrovia",Africa,622984.0,4829764,1741103968
34,Chad,"Cameroon,Central African Republic,Libya,Niger,Nigeria,Sudan,Benin,Togo,Botswana",country_game/images/wiki_all_map_400pi/Chad_locator_map.png,country_game/images/wiki_flag/Chad_flag.png,N'Djamena,"Yaoundé,Bangui,Tripoli,Niamey,Abuja,Khartoum,Porto-Novo,Lomé,Gaborone",Africa,1284000.0,16425859,1741103968
35,Chile,"Argentina,Bolivia,Peru,Venezuela,Caribbean Netherlands,Anguilla,Brazil,Antigua and Barbuda,Trinidad and Tobago",country_game/images/wiki_all_map_400pi/Chile_locator_map.png,country_game/images/wiki_flag/Chile_flag.png,Santiago,"Buenos Aires,Sucre,Lima,Caracas,Kralendijk,The Valley,Brasília,Saint John's,Port of Spain",Americas,756102.0,19116209,1741103968
36,China,"Afghanistan,Bhutan,Myanmar,Hong Kong,India,Kazakhstan,Nepal,North Korea,Kyrgyzstan",country_game/images/wiki_all_map_400pi/China_locator_map.png,country_game/images/wiki_flag/China_flag.png,Beijing,"Kabul,Thimphu,Naypyidaw,City of Victoria,New Delhi,Nur-Sultan,Kathmandu,Pyongyang,Bishkek",Asia,9706961.0,1402112000,1741103968
37,Colombia,"Brazil,Ecuador,Panama,Peru,Venezuela,Martinique,Falkland Islands,Cayman Islands,Cuba",country_game/images/wiki_all_map_400pi/Colombia_locator_map.png,country_game/images/wiki_flag/Colombia_flag.png,Bogotá,"Brasília,Quito,Panama City,Lima,Caracas,Fort-de-France,Stanley,George Town,Havana",Americas,1141748.0,50882884,1741103968
38,Comoros,"Sudan,Namibia,Eritrea,Cameroon,Guinea-Bissau,Guinea,Ivory Coast,Egypt,Zambia",country_game/images/wiki_all_map_400pi/Comoros_locator_map.png,country_game/images/wiki_flag/Comoros_flag.png,Moroni,"Khartoum,Windhoek,Asmara,Yaoundé,Bissau,Conakry,Yamoussoukro,Cairo,Lusaka",Africa,1862.0,869595,1741103968
39,Costa_Rica,"Nicaragua,Panama,French Guiana,United States,Turks and Caicos Islands,Dominica,El Salvador,Haiti,Sint Maarten",country_game/images/wiki_all_map_400pi/Costa_Rica_locator_map.png,country_game/images/wiki_flag/Costa_Rica_flag.png,San José,"Managua,Panama City,Cayenne,Washington, D.C.,Cockburn Town,Roseau,San Salvador,Port-au-Prince,Philipsburg",Americas,51100.0,5094114,1741103968
40,Croatia,"Bosnia and Herzegovina,Hungary,Montenegro,Serbia,Slovenia,Switzerland,Luxembourg,Denmark,Russia",country_game/images/wiki_all_map_400pi/Croatia_locator_map.png,country_game/images/wiki_flag/Croatia_flag.png,Zagreb,"Sarajevo,Budapest,Podgorica,Belgrade,Ljubljana,Bern,Luxembourg,Copenhagen,Moscow",Europe,56594.0,4047200,1741103968
41,Cuba,"United States Virgin Islands,Jamaica,Falkland Islands,Dominican Republic,Cayman Islands,Aruba,Bolivia,Saint Lucia,Anguilla",country_game/images/wiki_all_map_400pi/Cuba_locator_map.png,country_game/images/wiki_flag/Cuba_flag.png,Havana,"Charlotte Amalie,Kingston,Stanley,Santo Domingo,George Town,Oranjestad,Sucre,Castries,The Valley",Americas,109884.0,11326616,1741103968
42,Cyprus,"France,Hungary,Bosnia and Herzegovina,Vatican City,Russia,Estonia,Serbia,Bulgaria,Lithuania",country_game/images/wiki_all_map_400pi/Cyprus_locator_map.png,country_game/images/wiki_flag/Cyprus_flag.png,Nicosia,"Paris,Budapest,Sarajevo,Vatican City,Moscow,Tallinn,Belgrade,Sofia,Vilnius",Europe,9251.0,1207361,1741103968
43,Czech_Republic,"Austria,Germany,Poland,Slovakia,San Marino,Albania,Croatia,North Macedonia,Iceland",country_game/images/wiki_all_map_400pi/Czech_Republic_locator_map.png,country_game/images/wiki_flag/Czech_Republic_flag.png,Prague,"Vienna,Berlin,Warsaw,Bratislava,City of San Marino,Tirana,Zagreb,Skopje,Reykjavik",Europe,78865.0,10698896,1741103968
44,Democratic_Republic_of_the_Congo,"Angola,Burundi,Central African Republic,Republic of the Congo,Rwanda,South Sudan,Tanzania,Uganda,Zambia",country_game/images/wiki_all_map_400pi/Democratic_Republic_of_the_Congo_locator_map.png,country_game/images/wiki_flag/Democratic_Republic_of_the_Congo_flag.png,Kinshasa,"Luanda,Gitega,Bangui,Brazzaville,Kigali,Juba,Dodoma,Kampala,Lusaka",Africa,2344858.0,108407721,1741103968
45,Denmark,"Germany,Norway,Bosnia and Herzegovina,Ukraine,Monaco,Jersey,Hungary,Isle of Man,Czechia",country_game/images/wiki_all_map_400pi/Denmark_locator_map.png,country_game/images/wiki_flag/Denmark_flag.png,Copenhagen,"Berlin,Oslo,Sarajevo,Kyiv,Monaco,Saint Helier,Budapest,Douglas,Prague",Europe,43094.0,5831404,1741103968
46,Djibouti,"Eritrea,Ethiopia,Somalia,Equatorial Guinea,Libya,Mali,DR Congo,Rwanda,Madagascar",country_game/images/wiki_all_map_400pi/Djibouti_locator_map.png,country_game/images/wiki_flag/Djibouti_flag.png,Djibouti,"Asmara,Addis Ababa,Mogadishu,Malabo,Tripoli,Bamako,Kinshasa,Kigali,Antananarivo",Africa,23200.0,988002,1741103968
47,Dominica,"United States Virgin Islands,Saint Vincent and the Grenadines,Anguilla,United States Minor Outlying Islands,Saint Pierre and Miquelon,Ecuador,Saint Lucia,United States,Canada",country_game/images/wiki_all_map_400pi/Dominica_locator_map.png,country_game/images/wiki_flag/Dominica_flag.png,Roseau,"Charlotte Amalie,Kingstown,The Valley,Washington DC,Saint-Pierre,Quito,Castries,Washington, D.C.,Ottawa",Americas,751.0,71991,1741103968
48,Dominican_Republic,"Haiti,Grenada,Argentina,Aruba,British Virgin Islands,Caribbean Netherlands,Cayman Islands,Ecuador,El Salvador",country_game/images/wiki_all_map_400pi/Dominican_Republic_locator_map.png,country_game/images/wiki_flag/Dominican_Republic_flag.png,Santo Domingo,"Port-au-Prince,St. George's,Buenos Aires,Oranjestad,Road Town,Kralendijk,George Town,Quito,San Salvador",Americas,48671.0,10847904,1741103968
49,East_Timor,"Indonesia,Laos,Macau,Pakistan,Saudi Arabia,Tajikistan,South Korea,Kuwait,Singapore",country_game/images/wiki_all_map_400pi/East_Timor_locator_map.png,country_game/images/wiki_flag/East_Timor_flag.png,Dili,"Jakarta,Vientiane,Unknown,Islamabad,Riyadh,Dushanbe,Seoul,Kuwait City,Singapore",Asia,14874.0,1318442,1741103968
50,Ecuador,"Colombia,Peru,Greenland,Montserrat,Saint Martin,Cuba,Bahamas,Uruguay,Mexico",country_game/images/wiki_all_map_400pi/Ecuador_locator_map.png,country_game/images/wiki_flag/Ecuador_flag.png,Quito,"Bogotá,Lima,Nuuk,Plymouth,Marigot,Havana,Nassau,Montevideo,Mexico City",Americas,276841.0,17643060,1741103968
51,Egypt,"Israel,Libya,Palestine,Sudan,Morocco,Republic of the Congo,Gabon,Western Sahara,Comoros",country_game/images/wiki_all_map_400pi/Egypt_locator_map.png,country_game/images/wiki_flag/Egypt_flag.png,Cairo,"Jerusalem,Tripoli,Ramallah,Khartoum,Rabat,Brazzaville,Libreville,El Aaiún,Moroni",Africa,1002450.0,102334403,1741103968
52,El_Salvador,"Guatemala,Honduras,Turks and Caicos Islands,Martinique,Suriname,Peru,Nicaragua,United States Virgin Islands,Dominican Republic",country_game/images/wiki_all_map_400pi/El_Salvador_locator_map.png,country_game/images/wiki_flag/El_Salvador_flag.png,San Salvador,"Guatemala City,Tegucigalpa,Cockburn Town,Fort-de-France,Paramaribo,Lima,Managua,Charlotte Amalie,Santo Domingo",Americas,21041.0,6486201,1741103968
53,Equatorial_Guinea,"Cameroon,Gabon,Guinea-Bissau,Mayotte,Cape Verde,Eswatini,Botswana,Zambia,Seychelles",country_game/images/wiki_all_map_400pi/Equatorial_Guinea_locator_map.png,country_game/images/wiki_flag/Equatorial_Guinea_flag.png,Malabo,"Yaoundé,Libreville,Bissau,Mamoudzou,Praia,Mbabane,Gaborone,Lusaka,Victoria",Africa,28051.0,1402985,1741103968
54,Eritrea,"Djibouti,Ethiopia,Sudan,Eswatini,Ivory Coast,Cameroon,Guinea-Bissau,Senegal,Egypt",country_game/images/wiki_all_map_400pi/Eritrea_locator_map.png,country_game/images/wiki_flag/Eritrea_flag.png,Asmara,"Djibouti,Addis Ababa,Khartoum,Mbabane,Yamoussoukro,Yaoundé,Bissau,Dakar,Cairo",Africa,117600.0,5352000,1741103968
55,Estonia,"Latvia,Russia,Germany,Cyprus,Hungary,Austria,Ireland,Denmark,Belarus",country_game/images/wiki_all_map_400pi/Estonia_locator_map.png,country_game/images/wiki_flag/Estonia_flag.png,Tallinn,"Riga,Moscow,Berlin,Nicosia,Budapest,Vienna,Dublin,Copenhagen,Minsk",Europe,45227.0,1331057,1741103968
56,Eswatini,"Mozambique,South Africa,Cape Verde,Djibouti,Western Sahara,Mauritania,Algeria,British Indian Ocean Territory,Chad",country_game/images/wiki_all_map_400pi/Eswatini_locator_map.png,country_game/images/wiki_flag/Eswatini_flag.png,Mbabane,"Maputo,Pretoria,Praia,Djibouti,El Aaiún,Nouakchott,Algiers,Diego Garcia,N'Djamena",Africa,17364.0,1160164,1741103968
57,Ethiopia,"Djibouti,Eritrea,Kenya,Somalia,South Sudan,Sudan,Tunisia,British Indian Ocean Territory,Mauritania",country_game/images/wiki_all_map_400pi/Ethiopia_locator_map.png,country_game/images/wiki_flag/Ethiopia_flag.png,Addis Ababa,"Djibouti,Asmara,Nairobi,Mogadishu,Juba,Khartoum,Tunis,Diego Garcia,Nouakchott",Africa,1104300.0,114963583,1741103968
58,Fiji,"Cook Islands,Norfolk Island,New Zealand,Pitcairn Islands,Samoa,Wallis and Futuna,American Samoa,Northern Mariana Islands,Guam",country_game/images/wiki_all_map_400pi/Fiji_locator_map.png,country_game/images/wiki_flag/Fiji_flag.png,Suva,"Avarua,Kingston,Wellington,Adamstown,Apia,Mata-Utu,Pago Pago,Saipan,Hagåtña",Oceania,18272.0,896444,1741103968
59,Finland,"Norway,Sweden,Russia,Croatia,Italy,Germany,Lithuania,Netherlands,Hungary",country_game/images/wiki_all_map_400pi/Finland_locator_map.png,country_game/images/wiki_flag/Finland_flag.png,Helsinki,"Oslo,Stockholm,Moscow,Zagreb,Rome,Berlin,Vilnius,Amsterdam,Budapest",Europe,338424.0,5530719,1741103968
60,France,"Andorra,Belgium,Germany,Italy,Luxembourg,Monaco,Spain,Switzerland,Serbia",country_game/images/wiki_all_map_400pi/France_locator_map.png,country_game/images/wiki_flag/France_flag.png,Paris,"Andorra la Vella,Brussels,Berlin,Rome,Luxembourg,Monaco,Madrid,Bern,Belgrade",Europe,551695.0,67391582,1741103968
61,Gabon,"Cameroon,Republic of the Congo,Equatorial Guinea,Malawi,Gambia,Mozambique,Uganda,Niger,Zimbabwe",country_game/images/wiki_all_map_400pi/Gabon_locator_map.png,country_game/images/wiki_flag/Gabon_flag.png,Libreville,"Yaoundé,Brazzaville,Malabo,Lilongwe,Banjul,Maputo,Kampala,Niamey,Harare",Africa,267668.0,2225728,1741103968
62,Gambia,"Senegal,Guinea-Bissau,Morocco,Togo,Ethiopia,Saint Helena, Ascension and Tristan da Cunha,Mozambique,Sudan,Réunion",country_game/images/wiki_all_map_400pi/Gambia_locator_map.png,country_game/images/wiki_flag/Gambia_flag.png,Banjul,"Dakar,Bissau,Rabat,Lomé,Addis Ababa,Jamestown,Maputo,Khartoum,Saint-Denis",Africa,10689.0,2416664,1741103968
63,Georgia,"Armenia,Azerbaijan,Russia,Turkey,Saudi Arabia,Oman,Maldives,Singapore,Myanmar",country_game/images/wiki_all_map_400pi/Georgia_locator_map.png,country_game/images/wiki_flag/Georgia_flag.png,Tbilisi,"Yerevan,Baku,Moscow,Ankara,Riyadh,Muscat,Malé,Singapore,Naypyidaw",Asia,69700.0,3714000,1741103968
64,Germany,"Austria,Belgium,Czechia,Denmark,France,Luxembourg,Netherlands,Poland,Switzerland",country_game/images/wiki_all_map_400pi/Germany_locator_map.png,country_game/images/wiki_flag/Germany_flag.png,Berlin,"Vienna,Brussels,Prague,Copenhagen,Paris,Luxembourg,Amsterdam,Warsaw,Bern",Europe,357114.0,83240525,1741103968
65,Ghana,"Burkina Faso,Ivory Coast,Togo,Réunion,Chad,Mozambique,Egypt,Kenya,Tanzania",country_game/images/wiki_all_map_400pi/Ghana_locator_map.png,country_game/images/wiki_flag/Ghana_flag.png,Accra,"Ouagadougou,Yamoussoukro,Lomé,Saint-Denis,N'Djamena,Maputo,Cairo,Nairobi,Dodoma",Africa,238533.0,31072945,1741103968
66,Greece,"Albania,Bulgaria,Turkey,North Macedonia,Austria,France,Jersey,Sweden,Iceland",country_game/images/wiki_all_map_400pi/Greece_locator_map.png,country_game/images/wiki_flag/Greece_flag.png,Athens,"Tirana,Sofia,Ankara,Skopje,Vienna,Paris,Saint Helier,Stockholm,Reykjavik",Europe,131990.0,10715549,1741103968
67,Grenada,"El Salvador,Saint Lucia,Cuba,Dominican Republic,Guatemala,Greenland,French Guiana,Guadeloupe,Saint Vincent and the Grenadines",country_game/images/wiki_all_map_400pi/Grenada_locator_map.png,country_game/images/wiki_flag/Grenada_flag.png,St. George's,"San Salvador,Castries,Havana,Santo Domingo,Guatemala City,Nuuk,Cayenne,Basse-Terre,Kingstown",Americas,344.0,112519,1741103968
68,Guatemala,"Belize,El Salvador,Honduras,Mexico,Curaçao,Saint Lucia,Argentina,British Virgin Islands,Costa Rica",country_game/images/wiki_all_map_400pi/Guatemala_locator_map.png,country_game/images/wiki_flag/Guatemala_flag.png,Guatemala City,"Belmopan,San Salvador,Tegucigalpa,Mexico City,Willemstad,Castries,Buenos Aires,Road Town,San José",Americas,108889.0,16858333,1741103968
69,Guinea,"Ivory Coast,Guinea-Bissau,Liberia,Mali,Senegal,Sierra Leone,Gabon,Mauritania,Malawi",country_game/images/wiki_all_map_400pi/Guinea_locator_map.png,country_game/images/wiki_flag/Guinea_flag.png,Conakry,"Yamoussoukro,Bissau,Monrovia,Bamako,Dakar,Freetown,Libreville,Nouakchott,Lilongwe",Africa,245857.0,13132792,1741103968
70,Guinea-Bissau,"Guinea,Senegal,Republic of the Congo,Egypt,Equatorial Guinea,Liberia,Mali,Tanzania,Chad",country_game/images/wiki_all_map_400pi/Guinea-Bissau_locator_map.png,country_game/images/wiki_flag/GuineaBissau_flag.png,Bissau,"Conakry,Dakar,Brazzaville,Cairo,Malabo,Monrovia,Bamako,Dodoma,N'Djamena",Africa,36125.0,1967998,1741103968
71,Guyana,"Brazil,Suriname,Venezuela,Bahamas,Antigua and Barbuda,United States Virgin Islands,Guatemala,Saint Lucia,United States",country_game/images/wiki_all_map_400pi/Guyana_locator_map.png,country_game/images/wiki_flag/Guyana_flag.png,Georgetown,"Brasília,Paramaribo,Caracas,Nassau,Saint John's,Charlotte Amalie,Guatemala City,Castries,Washington, D.C.",Americas,214969.0,786559,1741103968
72,Haiti,"Dominican Republic,Saint Pierre and Miquelon,British Virgin Islands,Antigua and Barbuda,Martinique,Venezuela,Saint Barthélemy,Trinidad and Tobago,Greenland",country_game/images/wiki_all_map_400pi/Haiti_locator_map.png,country_game/images/wiki_flag/Haiti_flag.png,Port-au-Prince,"Santo Domingo,Saint-Pierre,Road Town,Saint John's,Fort-de-France,Caracas,Gustavia,Port of Spain,Nuuk",Americas,27750.0,11402533,1741103968
73,Honduras,"Guatemala,El Salvador,Nicaragua,Saint Kitts and Nevis,Bolivia,Mexico,Belize,Costa Rica,Cayman Islands",country_game/images/wiki_all_map_400pi/Honduras_locator_map.png,country_game/images/wiki_flag/Honduras_flag.png,Tegucigalpa,"Guatemala City,San Salvador,Managua,Basseterre,Sucre,Mexico City,Belmopan,San José,George Town",Americas,112492.0,9904608,1741103968
74,Hungary,"Austria,Croatia,Romania,Serbia,Slovakia,Slovenia,Ukraine,Sweden,Albania",country_game/images/wiki_all_map_400pi/Hungary_locator_map.png,country_game/images/wiki_flag/Hungary_flag.png,Budapest,"Vienna,Zagreb,Bucharest,Belgrade,Bratislava,Ljubljana,Kyiv,Stockholm,Tirana",Europe,93028.0,9749763,1741103968
75,Iceland,"Estonia,Bulgaria,Cyprus,France,San Marino,Åland Islands,Norway,Czechia,Moldova",country_game/images/wiki_all_map_400pi/Iceland_locator_map.png,country_game/images/wiki_flag/Iceland_flag.png,Reykjavik,"Tallinn,Sofia,Nicosia,Paris,City of San Marino,Mariehamn,Oslo,Prague,Chișinău",Europe,103000.0,366425,1741103968
76,India,"Bangladesh,Bhutan,Myanmar,China,Nepal,Pakistan,Azerbaijan,Syria,Vietnam",country_game/images/wiki_all_map_400pi/India_locator_map.png,country_game/images/wiki_flag/India_flag.png,New Delhi,"Dhaka,Thimphu,Naypyidaw,Beijing,Kathmandu,Islamabad,Baku,Damascus,Hanoi",Asia,3287590.0,1380004385,1741103968
77,Indonesia,"Timor-Leste,Malaysia,Papua New Guinea,Singapore,Pakistan,Turkmenistan,Bangladesh,Kyrgyzstan,Laos",country_game/images/wiki_all_map_400pi/Indonesia_locator_map.png,country_game/images/wiki_flag/Indonesia_flag.png,Jakarta,"Dili,Kuala Lumpur,Port Moresby,Singapore,Islamabad,Ashgabat,Dhaka,Bishkek,Vientiane",Asia,1904569.0,273523621,1741103968
78,Iran,"Afghanistan,Armenia,Azerbaijan,Iraq,Pakistan,Turkey,Turkmenistan,Myanmar,Saudi Arabia",country_game/images/wiki_all_map_400pi/Iran_locator_map.png,country_game/images/wiki_flag/Iran_flag.png,Tehran,"Kabul,Yerevan,Baku,Baghdad,Islamabad,Ankara,Ashgabat,Naypyidaw,Riyadh",Asia,1648195.0,83992953,1741103968
79,Iraq,"Iran,Jordan,Kuwait,Saudi Arabia,Syria,Turkey,United Arab Emirates,Qatar,Azerbaijan",country_game/images/wiki_all_map_400pi/Iraq_locator_map.png,country_game/images/wiki_flag/Iraq_flag.png,Baghdad,"Tehran,Amman,Kuwait City,Riyadh,Damascus,Ankara,Abu Dhabi,Doha,Baku",Asia,438317.0,40222503,1741103968
80,Ireland,"United Kingdom,Lithuania,Åland Islands,Bulgaria,Liechtenstein,Slovenia,Albania,Finland,Serbia",country_game/images/wiki_all_map_400pi/Ireland_locator_map.png,country_game/images/wiki_flag/Ireland_flag.png,Dublin,"London,Vilnius,Mariehamn,Sofia,Vaduz,Ljubljana,Tirana,Helsinki,Belgrade",Europe,70273.0,4994724,1741103968
81,Israel,"Egypt,Jordan,Lebanon,Palestine,Syria,China,Sri Lanka,Philippines,Singapore",country_game/images/wiki_all_map_400pi/Israel_locator_map.png,country_game/images/wiki_flag/Israel_flag.png,Jerusalem,"Cairo,Amman,Beirut,Ramallah,Damascus,Beijing,Sri Jayawardenepura Kotte,Manila,Singapore",Asia,20770.0,9216900,1741103968
82,Italy,"Austria,France,San Marino,Slovenia,Switzerland,Vatican City,Iceland,Andorra,Croatia",country_game/images/wiki_all_map_400pi/Italy_locator_map.png,country_game/images/wiki_flag/Italy_flag.png,Rome,"Vienna,Paris,City of San Marino,Ljubljana,Bern,Vatican City,Reykjavik,Andorra la Vella,Zagreb",Europe,301336.0,59554023,1741103968
83,Ivory_Coast,"Burkina Faso,Ghana,Guinea,Liberia,Mali,Rwanda,Saint Helena, Ascension and Tristan da Cunha,Namibia,Eritrea",country_game/images/wiki_all_map_400pi/Ivory_Coast_locator_map.png,country_game/images/wiki_flag/Ivory_Coast_flag.png,Yamoussoukro,"Ouagadougou,Accra,Conakry,Monrovia,Bamako,Kigali,Jamestown,Windhoek,Asmara",Africa,322463.0,26378275,1741103968
84,Jamaica,"Anguilla,Saint Martin,Aruba,Grenada,Honduras,United States Virgin Islands,Canada,Curaçao,Colombia",country_game/images/wiki_all_map_400pi/Jamaica_locator_map.png,country_game/images/wiki_flag/Jamaica_flag.png,Kingston,"The Valley,Marigot,Oranjestad,St. George's,Tegucigalpa,Charlotte Amalie,Ottawa,Willemstad,Bogotá",Americas,10991.0,2961161,1741103968
85,Japan,"Taiwan,Palestine,Thailand,Malaysia,Kazakhstan,Oman,Saudi Arabia,Maldives,Azerbaijan",country_game/images/wiki_all_map_400pi/Japan_locator_map.png,country_game/images/wiki_flag/Japan_flag.png,Tokyo,"Taipei,Ramallah,Bangkok,Kuala Lumpur,Nur-Sultan,Muscat,Riyadh,Malé,Baku",Asia,377930.0,125836021,1741103968
86,Jordan,"Iraq,Israel,Palestine,Saudi Arabia,Syria,Kazakhstan,India,Macau,Thailand",country_game/images/wiki_all_map_400pi/Jordan_locator_map.png,country_game/images/wiki_flag/Jordan_flag.png,Amman,"Baghdad,Jerusalem,Ramallah,Riyadh,Damascus,Nur-Sultan,New Delhi,Unknown,Bangkok",Asia,89342.0,10203140,1741103968
87,Kazakhstan,"China,Kyrgyzstan,Russia,Turkmenistan,Uzbekistan,Azerbaijan,Vietnam,Sri Lanka,Taiwan",country_game/images/wiki_all_map_400pi/Kazakhstan_locator_map.png,country_game/images/wiki_flag/Kazakhstan_flag.png,Nur-Sultan,"Beijing,Bishkek,Moscow,Ashgabat,Tashkent,Baku,Hanoi,Sri Jayawardenepura Kotte,Taipei",Asia,2724900.0,18754440,1741103968
88,Kenya,"Ethiopia,Somalia,South Sudan,Tanzania,Uganda,Central African Republic,Senegal,Cameroon,Comoros",country_game/images/wiki_all_map_400pi/Kenya_locator_map.png,country_game/images/wiki_flag/Kenya_flag.png,Nairobi,"Addis Ababa,Mogadishu,Juba,Dodoma,Kampala,Bangui,Dakar,Yaoundé,Moroni",Africa,580367.0,53771300,1741103968
89,Kiribati,"Christmas Island,Australia,Wallis and Futuna,Micronesia,Tuvalu,Niue,Tokelau,Guam,Pitcairn Islands",country_game/images/wiki_all_map_400pi/Kiribati_locator_map.png,country_game/images/wiki_flag/Kiribati_flag.png,South Tarawa,"Flying Fish Cove,Canberra,Mata-Utu,Palikir,Funafuti,Alofi,Fakaofo,Hagåtña,Adamstown",Oceania,811.0,119446,1741103968
90,Kuwait,"Iraq,Saudi Arabia,Bhutan,Yemen,Macau,Armenia,China,Brunei,Mongolia",country_game/images/wiki_all_map_400pi/Kuwait_locator_map.png,country_game/images/wiki_flag/Kuwait_flag.png,Kuwait City,"Baghdad,Riyadh,Thimphu,Sana'a,Unknown,Yerevan,Beijing,Bandar Seri Begawan,Ulan Bator",Asia,17818.0,4270563,1741103968
91,Kyrgyzstan,"China,Kazakhstan,Tajikistan,Uzbekistan,Hong Kong,Pakistan,Myanmar,Brunei,Georgia",country_game/images/wiki_all_map_400pi/Kyrgyzstan_locator_map.png,country_game/images/wiki_flag/Kyrgyzstan_flag.png,Bishkek,"Beijing,Nur-Sultan,Dushanbe,Tashkent,City of Victoria,Islamabad,Naypyidaw,Bandar Seri Begawan,Tbilisi",Asia,199951.0,6591600,1741103968
92,Laos,"Myanmar,Cambodia,China,Thailand,Vietnam,Malaysia,Bahrain,Nepal,Brunei",country_game/images/wiki_all_map_400pi/Laos_locator_map.png,country_game/images/wiki_flag/Laos_flag.png,Vientiane,"Naypyidaw,Phnom Penh,Beijing,Bangkok,Hanoi,Kuala Lumpur,Manama,Kathmandu,Bandar Seri Begawan",Asia,236800.0,7275556,1741103968
93,Latvia,"Belarus,Estonia,Lithuania,Russia,Greece,Åland Islands,Germany,Iceland,San Marino",country_game/images/wiki_all_map_400pi/Latvia_locator_map.png,country_game/images/wiki_flag/Latvia_flag.png,Riga,"Minsk,Tallinn,Vilnius,Moscow,Athens,Mariehamn,Berlin,Reykjavik,City of San Marino",Europe,64559.0,1901548,1741103968
94,Lebanon,"Israel,Syria,Macau,Timor-Leste,Hong Kong,United Arab Emirates,Brunei,Japan,Bahrain",country_game/images/wiki_all_map_400pi/Lebanon_locator_map.png,country_game/images/wiki_flag/Lebanon_flag.png,Beirut,"Jerusalem,Damascus,Unknown,Dili,City of Victoria,Abu Dhabi,Bandar Seri Begawan,Tokyo,Manama",Asia,10452.0,6825442,1741103968
95,Lesotho,"South Africa,Sierra Leone,Western Sahara,Gabon,Uganda,Kenya,Libya,Eritrea,Ghana",country_game/images/wiki_all_map_400pi/Lesotho_locator_map.png,country_game/images/wiki_flag/Lesotho_flag.png,Maseru,"Pretoria,Freetown,El Aaiún,Libreville,Kampala,Nairobi,Tripoli,Asmara,Accra",Africa,30355.0,2142252,1741103968
96,Liberia,"Guinea,Ivory Coast,Sierra Leone,Tanzania,Burundi,Algeria,Benin,Cameroon,Zambia",country_game/images/wiki_all_map_400pi/Liberia_locator_map.png,country_game/images/wiki_flag/Liberia_flag.png,Monrovia,"Conakry,Yamoussoukro,Freetown,Dodoma,Gitega,Algiers,Porto-Novo,Yaoundé,Lusaka",Africa,111369.0,5057677,1741103968
97,Libya,"Algeria,Chad,Egypt,Niger,Sudan,Tunisia,Liberia,Equatorial Guinea,São Tomé and Príncipe",country_game/images/wiki_all_map_400pi/Libya_locator_map.png,country_game/images/wiki_flag/Libya_flag.png,Tripoli,"Algiers,N'Djamena,Cairo,Niamey,Khartoum,Tunis,Monrovia,Malabo,São Tomé",Africa,1759540.0,6871287,1741103968
98,Liechtenstein,"Austria,Switzerland,Slovakia,Hungary,Bulgaria,Bosnia and Herzegovina,Kosovo,Guernsey,Denmark",country_game/images/wiki_all_map_400pi/Liechtenstein_locator_map.png,country_game/images/wiki_flag/Liechtenstein_flag.png,Vaduz,"Vienna,Bern,Bratislava,Budapest,Sofia,Sarajevo,Pristina,St. Peter Port,Copenhagen",Europe,160.0,38137,1741103968
99,Lithuania,"Belarus,Latvia,Poland,Russia,Guernsey,Germany,Bosnia and Herzegovina,Slovakia,Kosovo",country_game/images/wiki_all_map_400pi/Lithuania_locator_map.png,country_game/images/wiki_flag/Lithuania_flag.png,Vilnius,"Minsk,Riga,Warsaw,Moscow,St. Peter Port,Berlin,Sarajevo,Bratislava,Pristina",Europe,65300.0,2794700,1741103968
100,Luxembourg,"Belgium,France,Germany,Denmark,Hungary,Romania,Guernsey,Cyprus,Poland",country_game/images/wiki_all_map_400pi/Luxembourg_locator_map.png,country_game/images/wiki_flag/Luxembourg_flag.png,Luxembourg,"Brussels,Paris,Berlin,Copenhagen,Budapest,Bucharest,St. Peter Port,Nicosia,Warsaw",Europe,2586.0,632275,1741103968
101,Madagascar,"South Sudan,Guinea,Kenya,British Indian Ocean Territory,Chad,South Africa,Egypt,Réunion,Senegal",country_game/images/wiki_all_map_400pi/Madagascar_locator_map.png,country_game/images/wiki_flag/Madagascar_flag.png,Antananarivo,"Juba,Conakry,Nairobi,Diego Garcia,N'Djamena,Pretoria,Cairo,Saint-Denis,Dakar",Africa,587041.0,27691019,1741103968
102,Malawi,"Mozambique,Tanzania,Zambia,Tunisia,Saint Helena, Ascension and Tristan da Cunha,Togo,Liberia,British Indian Ocean Territory,Ethiopia",country_game/images/wiki_all_map_400pi/Malawi_locator_map.png,country_game/images/wiki_flag/Malawi_flag.png,Lilongwe,"Maputo,Dodoma,Lusaka,Tunis,Jamestown,Lomé,Monrovia,Diego Garcia,Addis Ababa",Africa,118484.0,19129955,1741103968
103,Malaysia,"Brunei,Indonesia,Thailand,Macau,Turkey,South Korea,Japan,Cambodia,Vietnam",country_game/images/wiki_all_map_400pi/Malaysia_locator_map.png,country_game/images/wiki_flag/Malaysia_flag.png,Kuala Lumpur,"Bandar Seri Begawan,Jakarta,Bangkok,Unknown,Ankara,Seoul,Tokyo,Phnom Penh,Hanoi",Asia,330803.0,32365998,1741103968
104,Maldives,"Turkey,Syria,Brunei,Yemen,Laos,Saudi Arabia,Qatar,Jordan,Cambodia",country_game/images/wiki_all_map_400pi/Maldives_locator_map.png,country_game/images/wiki_flag/Maldives_flag.png,Malé,"Ankara,Damascus,Bandar Seri Begawan,Sana'a,Vientiane,Riyadh,Doha,Amman,Phnom Penh",Asia,300.0,540542,1741103968
105,Mali,"Algeria,Burkina Faso,Guinea,Ivory Coast,Mauritania,Niger,Senegal,Gabon,Chad",country_game/images/wiki_all_map_400pi/Mali_locator_map.png,country_game/images/wiki_flag/Mali_flag.png,Bamako,"Algiers,Ouagadougou,Conakry,Yamoussoukro,Nouakchott,Niamey,Dakar,Libreville,N'Djamena",Africa,1240192.0,20250834,1741103968
106,Malta,"Spain,Montenegro,Germany,Faroe Islands,Guernsey,Ukraine,Iceland,Hungary,Estonia",country_game/images/wiki_all_map_400pi/Malta_locator_map.png,country_game/images/wiki_flag/Malta_flag.png,Valletta,"Madrid,Podgorica,Berlin,Tórshavn,St. Peter Port,Kyiv,Reykjavik,Budapest,Tallinn",Europe,316.0,525285,1741103968
107,Marshall_Islands,"Nauru,Tuvalu,Christmas Island,Cook Islands,Papua New Guinea,Wallis and Futuna,Kiribati,French Polynesia,American Samoa",country_game/images/wiki_all_map_400pi/Marshall_Islands_locator_map.png,country_game/images/wiki_flag/Marshall_Islands_flag.png,Majuro,"Yaren,Funafuti,Flying Fish Cove,Avarua,Port Moresby,Mata-Utu,South Tarawa,Papeetē,Pago Pago",Oceania,181.0,59194,1741103968
108,Mauritania,"Algeria,Mali,Senegal,Western Sahara,Somalia,Republic of the Congo,Mozambique,Sudan,Madagascar",country_game/images/wiki_all_map_400pi/Mauritania_locator_map.png,country_game/images/wiki_flag/Mauritania_flag.png,Nouakchott,"Algiers,Bamako,Dakar,El Aaiún,Mogadishu,Brazzaville,Maputo,Khartoum,Antananarivo",Africa,1030700.0,4649660,1741103968
109,Mauritius,"Rwanda,Sierra Leone,Tanzania,British Indian Ocean Territory,Ethiopia,Cape Verde,Kenya,Madagascar,Guinea-Bissau",country_game/images/wiki_all_map_400pi/Mauritius_locator_map.png,country_game/images/wiki_flag/Mauritius_flag.png,Port Louis,"Kigali,Freetown,Dodoma,Diego Garcia,Addis Ababa,Praia,Nairobi,Antananarivo,Bissau",Africa,2040.0,1265740,1741103968
110,Mexico,"Belize,Guatemala,United States,Saint Vincent and the Grenadines,Suriname,Cuba,Sint Maarten,Falkland Islands,Saint Lucia",country_game/images/wiki_all_map_400pi/Mexico_locator_map.png,country_game/images/wiki_flag/Mexico_flag.png,Mexico City,"Belmopan,Guatemala City,Washington, D.C.,Kingstown,Paramaribo,Havana,Philipsburg,Stanley,Castries",Americas,1964375.0,128932753,1741103968
111,Micronesia,"Samoa,Australia,Wallis and Futuna,Christmas Island,New Zealand,Cocos (Keeling) Islands,American Samoa,Nauru,Northern Mariana Islands",country_game/images/wiki_all_map_400pi/Micronesia_locator_map.png,country_game/images/wiki_flag/Micronesia_flag.png,Palikir,"Apia,Canberra,Mata-Utu,Flying Fish Cove,Wellington,West Island,Pago Pago,Yaren,Saipan",Oceania,702.0,115021,1741103968
112,Moldova,"Romania,Ukraine,Hungary,Kosovo,Luxembourg,Croatia,Spain,Portugal,Slovakia",country_game/images/wiki_all_map_400pi/Moldova_locator_map.png,country_game/images/wiki_flag/Moldova_flag.png,Chișinău,"Bucharest,Kyiv,Budapest,Pristina,Luxembourg,Zagreb,Madrid,Lisbon,Bratislava",Europe,33846.0,2617820,1741103968
113,Monaco,"France,Slovenia,Hungary,Vatican City,Bulgaria,Albania,Jersey,Russia,Finland",country_game/images/wiki_all_map_400pi/Monaco_locator_map.png,country_game/images/wiki_flag/Monaco_flag.png,Monaco,"Paris,Ljubljana,Budapest,Vatican City,Sofia,Tirana,Saint Helier,Moscow,Helsinki",Europe,2.02,39244,1741103968
114,Mongolia,"China,Russia,Myanmar,Syria,Philippines,Saudi Arabia,Cambodia,Taiwan,Malaysia",country_game/images/wiki_all_map_400pi/Mongolia_locator_map.png,country_game/images/wiki_flag/Mongolia_flag.png,Ulan Bator,"Beijing,Moscow,Naypyidaw,Damascus,Manila,Riyadh,Phnom Penh,Taipei,Kuala Lumpur",Asia,1564110.0,3278292,1741103968
115,Montenegro,"Albania,Bosnia and Herzegovina,Croatia,Kosovo,Serbia,Malta,France,Åland Islands,Monaco",country_game/images/wiki_all_map_400pi/Montenegro_locator_map.png,country_game/images/wiki_flag/Montenegro_flag.png,Podgorica,"Tirana,Sarajevo,Zagreb,Pristina,Belgrade,Valletta,Paris,Mariehamn,Monaco",Europe,13812.0,621718,1741103968
116,Morocco,"Algeria,Western Sahara,Spain,Eswatini,Cape Verde,Tanzania,Burundi,Mauritania,Tunisia",country_game/images/wiki_all_map_400pi/Morocco_locator_map.png,country_game/images/wiki_flag/Morocco_flag.png,Rabat,"Algiers,El Aaiún,Madrid,Mbabane,Praia,Dodoma,Gitega,Nouakchott,Tunis",Africa,446550.0,36910558,1741103968
117,Mozambique,"Malawi,South Africa,Eswatini,Tanzania,Zambia,Zimbabwe,Libya,Uganda,Namibia",country_game/images/wiki_all_map_400pi/Mozambique_locator_map.png,country_game/images/wiki_flag/Mozambique_flag.png,Maputo,"Lilongwe,Pretoria,Mbabane,Dodoma,Lusaka,Harare,Tripoli,Kampala,Windhoek",Africa,801590.0,31255435,1741103968
118,Myanmar,"Bangladesh,China,India,Laos,Thailand,Azerbaijan,South Korea,Japan,Cambodia",country_game/images/wiki_all_map_400pi/Myanmar_locator_map.png,country_game/images/wiki_flag/Myanmar_flag.png,Naypyidaw,"Dhaka,Beijing,New Delhi,Vientiane,Bangkok,Baku,Seoul,Tokyo,Phnom Penh",Asia,676578.0,54409794,1741103968
119,Namibia,"Angola,Botswana,South Africa,Zambia,Mauritius,Cameroon,Mozambique,Malawi,Western Sahara",country_game/images/wiki_all_map_400pi/Namibia_locator_map.png,country_game/images/wiki_flag/Namibia_flag.png,Windhoek,"Luanda,Gaborone,Pretoria,Lusaka,Port Louis,Yaoundé,Maputo,Lilongwe,El Aaiún",Africa,825615.0,2540916,1741103968
120,Nauru,"Northern Mariana Islands,Vanuatu,Papua New Guinea,Niue,French Polynesia,Cocos (Keeling) Islands,New Caledonia,Wallis and Futuna,New Zealand",country_game/images/wiki_all_map_400pi/Nauru_locator_map.png,country_game/images/wiki_flag/Nauru_flag.png,Yaren,"Saipan,Port Vila,Port Moresby,Alofi,Papeetē,West Island,Nouméa,Mata-Utu,Wellington",Oceania,21.0,10834,1741103968
121,Nepal,"China,India,United Arab Emirates,Indonesia,Thailand,Japan,Myanmar,Timor-Leste,Kuwait",country_game/images/wiki_all_map_400pi/Nepal_locator_map.png,country_game/images/wiki_flag/Nepal_flag.png,Kathmandu,"Beijing,New Delhi,Abu Dhabi,Jakarta,Bangkok,Tokyo,Naypyidaw,Dili,Kuwait City",Asia,147181.0,29136808,1741103968
122,Netherlands,"Belgium,Germany,Åland Islands,Hungary,Estonia,Bulgaria,Denmark,Isle of Man,Moldova",country_game/images/wiki_all_map_400pi/Netherlands_locator_map.png,country_game/images/wiki_flag/Netherlands_flag.png,Amsterdam,"Brussels,Berlin,Mariehamn,Budapest,Tallinn,Sofia,Copenhagen,Douglas,Chișinău",Europe,41850.0,16655799,1741103968
123,New_Zealand,"Marshall Islands,Northern Mariana Islands,Tokelau,Australia,Samoa,French Polynesia,Cocos (Keeling) Islands,Niue,Tonga",country_game/images/wiki_all_map_400pi/New_Zealand_locator_map.png,country_game/images/wiki_flag/New_Zealand_flag.png,Wellington,"Majuro,Saipan,Fakaofo,Canberra,Apia,Papeetē,West Island,Alofi,Nuku'alofa",Oceania,270467.0,5084300,1741103968
124,Nicaragua,"Costa Rica,Honduras,Curaçao,Cuba,Anguilla,Chile,Peru,Sint Maarten,French Guiana",country_game/images/wiki_all_map_400pi/Nicaragua_locator_map.png,country_game/images/wiki_flag/Nicaragua_flag.png,Managua,"San José,Tegucigalpa,Willemstad,Havana,The Valley,Santiago,Lima,Philipsburg,Cayenne",Americas,130373.0,6624554,1741103968
125,Niger,"Algeria,Benin,Burkina Faso,Chad,Libya,Mali,Nigeria,Kenya,Guinea-Bissau",country_game/images/wiki_all_map_400pi/Niger_locator_map.png,country_game/images/wiki_flag/Niger_flag.png,Niamey,"Algiers,Porto-Novo,Ouagadougou,N'Djamena,Tripoli,Bamako,Abuja,Nairobi,Bissau",Africa,1267000.0,24206636,1741103968
126,Nigeria,"Benin,Cameroon,Chad,Niger,Eritrea,Guinea,DR Congo,Mauritania,Mauritius",country_game/images/wiki_all_map_400pi/Nigeria_locator_map.png,country_game/images/wiki_flag/Nigeria_flag.png,Abuja,"Porto-Novo,Yaoundé,N'Djamena,Niamey,Asmara,Conakry,Kinshasa,Nouakchott,Port Louis",Africa,923768.0,206139587,1741103968
127,North_Korea,"China,South Korea,Russia,Kyrgyzstan,Uzbekistan,Bangladesh,Maldives,Bhutan,United Arab Emirates",country_game/images/wiki_all_map_400pi/North_Korea_locator_map.png,country_game/images/wiki_flag/North_Korea_flag.png,Pyongyang,"Beijing,Seoul,Moscow,Bishkek,Tashkent,Dhaka,Malé,Thimphu,Abu Dhabi",Asia,120538.0,25778815,1741103968
128,North_Macedonia,"Albania,Bulgaria,Greece,Kosovo,Serbia,Monaco,France,Lithuania,Latvia",country_game/images/wiki_all_map_400pi/North_Macedonia_locator_map.png,country_game/images/wiki_flag/North_Macedonia_flag.png,Skopje,"Tirana,Sofia,Athens,Pristina,Belgrade,Monaco,Paris,Vilnius,Riga",Europe,25713.0,2077132,1741103968
129,Norway,"Finland,Sweden,Russia,Åland Islands,Andorra,Luxembourg,Monaco,Faroe Islands,Slovenia",country_game/images/wiki_all_map_400pi/Norway_locator_map.png,country_game/images/wiki_flag/Norway_flag.png,Oslo,"Helsinki,Stockholm,Moscow,Mariehamn,Andorra la Vella,Luxembourg,Monaco,Tórshavn,Ljubljana",Europe,323802.0,5379475,1741103968
130,Oman,"Saudi Arabia,United Arab Emirates,Yemen,Malaysia,Bangladesh,Tajikistan,Lebanon,Nepal,Afghanistan",country_game/images/wiki_all_map_400pi/Oman_locator_map.png,country_game/images/wiki_flag/Oman_flag.png,Muscat,"Riyadh,Abu Dhabi,Sana'a,Kuala Lumpur,Dhaka,Dushanbe,Beirut,Kathmandu,Kabul",Asia,309500.0,5106622,1741103968
131,Pakistan,"Afghanistan,China,India,Iran,Myanmar,Timor-Leste,Kazakhstan,Saudi Arabia,Sri Lanka",country_game/images/wiki_all_map_400pi/Pakistan_locator_map.png,country_game/images/wiki_flag/Pakistan_flag.png,Islamabad,"Kabul,Beijing,New Delhi,Tehran,Naypyidaw,Dili,Nur-Sultan,Riyadh,Sri Jayawardenepura Kotte",Asia,881912.0,220892331,1741103968
132,Palau,"Christmas Island,Vanuatu,Cook Islands,New Zealand,Samoa,Norfolk Island,Kiribati,Guam,Tuvalu",country_game/images/wiki_all_map_400pi/Palau_locator_map.png,country_game/images/wiki_flag/Palau_flag.png,Ngerulmud,"Flying Fish Cove,Port Vila,Avarua,Wellington,Apia,Kingston,South Tarawa,Hagåtña,Funafuti",Oceania,459.0,18092,1741103968
133,Panama,"Colombia,Costa Rica,Greenland,Antigua and Barbuda,Bolivia,Mexico,Guadeloupe,Nicaragua,Venezuela",country_game/images/wiki_all_map_400pi/Panama_locator_map.png,country_game/images/wiki_flag/Panama_flag.png,Panama City,"Bogotá,San José,Nuuk,Saint John's,Sucre,Mexico City,Basse-Terre,Managua,Caracas",Americas,75417.0,4314768,1741103968
134,Papua_New_Guinea,"Indonesia,Marshall Islands,American Samoa,Vanuatu,French Polynesia,Micronesia,Palau,Fiji,Pitcairn Islands",country_game/images/wiki_all_map_400pi/Papua_New_Guinea_locator_map.png,country_game/images/wiki_flag/Papua_New_Guinea_flag.png,Port Moresby,"Jakarta,Majuro,Pago Pago,Port Vila,Papeetē,Palikir,Ngerulmud,Suva,Adamstown",Oceania,462840.0,8947027,1741103968
135,Paraguay,"Argentina,Bolivia,Brazil,Saint Barthélemy,Saint Kitts and Nevis,Grenada,Antigua and Barbuda,Saint Pierre and Miquelon,Anguilla",country_game/images/wiki_all_map_400pi/Paraguay_locator_map.png,country_game/images/wiki_flag/Paraguay_flag.png,Asunción,"Buenos Aires,Sucre,Brasília,Gustavia,Basseterre,St. George's,Saint John's,Saint-Pierre,The Valley",Americas,406752.0,7132530,1741103968
136,Peru,"Bolivia,Brazil,Chile,Colombia,Ecuador,Venezuela,Honduras,Saint Pierre and Miquelon,Dominican Republic",country_game/images/wiki_all_map_400pi/Peru_locator_map.png,country_game/images/wiki_flag/Peru_flag.png,Lima,"Sucre,Brasília,Santiago,Bogotá,Quito,Caracas,Tegucigalpa,Saint-Pierre,Santo Domingo",Americas,1285216.0,32971846,1741103968
137,Philippines,"Jordan,Syria,Indonesia,Cambodia,Georgia,Sri Lanka,South Korea,India,Afghanistan",country_game/images/wiki_all_map_400pi/Philippines_locator_map.png,country_game/images/wiki_flag/Philippines_flag.png,Manila,"Amman,Damascus,Jakarta,Phnom Penh,Tbilisi,Sri Jayawardenepura Kotte,Seoul,New Delhi,Kabul",Asia,342353.0,109581085,1741103968
138,Poland,"Belarus,Czechia,Germany,Lithuania,Russia,Slovakia,Ukraine,Gibraltar,Kosovo",country_game/images/wiki_all_map_400pi/Poland_locator_map.png,country_game/images/wiki_flag/Poland_flag.png,Warsaw,"Minsk,Prague,Berlin,Vilnius,Moscow,Bratislava,Kyiv,Gibraltar,Pristina",Europe,312679.0,37950802,1741103968
139,Portugal,"Spain,France,Latvia,Greece,Ireland,North Macedonia,Belarus,San Marino,Åland Islands",country_game/images/wiki_all_map_400pi/Portugal_locator_map.png,country_game/images/wiki_flag/Portugal_flag.png,Lisbon,"Madrid,Paris,Riga,Athens,Dublin,Skopje,Minsk,City of San Marino,Mariehamn",Europe,92090.0,10305564,1741103968
140,Qatar,"Saudi Arabia,Georgia,Bangladesh,Maldives,Iraq,Macau,Yemen,Uzbekistan,United Arab Emirates",country_game/images/wiki_all_map_400pi/Qatar_locator_map.png,country_game/images/wiki_flag/Qatar_flag.png,Doha,"Riyadh,Tbilisi,Dhaka,Malé,Baghdad,Unknown,Sana'a,Tashkent,Abu Dhabi",Asia,11586.0,2881060,1741103968
141,Republic_of_the_Congo,"Angola,Cameroon,Central African Republic,DR Congo,Gabon,Burkina Faso,Malawi,Mauritius,Uganda",country_game/images/wiki_all_map_400pi/Republic_of_the_Congo_locator_map.png,country_game/images/wiki_flag/Republic_of_the_Congo_flag.png,Brazzaville,"Luanda,Yaoundé,Bangui,Kinshasa,Libreville,Ouagadougou,Lilongwe,Port Louis,Kampala",Africa,342000.0,5657000,1741103968
142,Romania,"Bulgaria,Hungary,Moldova,Serbia,Ukraine,Lithuania,Albania,Netherlands,Portugal",country_game/images/wiki_all_map_400pi/Romania_locator_map.png,country_game/images/wiki_flag/Romania_flag.png,Bucharest,"Sofia,Budapest,Chișinău,Belgrade,Kyiv,Vilnius,Tirana,Amsterdam,Lisbon",Europe,238391.0,19286123,1741103968
143,Russia,"Azerbaijan,Belarus,China,Estonia,Finland,Georgia,Kazakhstan,North Korea,Latvia",country_game/images/wiki_all_map_400pi/Russia_locator_map.png,country_game/images/wiki_flag/Russia_flag.png,Moscow,"Baku,Minsk,Beijing,Tallinn,Helsinki,Tbilisi,Nur-Sultan,Pyongyang,Riga",Europe,17098242.0,144104080,1741103968
144,Rwanda,"Burundi,DR Congo,Tanzania,Uganda,Republic of the Congo,Guinea-Bissau,British Indian Ocean Territory,Liberia,Angola",country_game/images/wiki_all_map_400pi/Rwanda_locator_map.png,country_game/images/wiki_flag/Rwanda_flag.png,Kigali,"Gitega,Kinshasa,Dodoma,Kampala,Brazzaville,Bissau,Diego Garcia,Monrovia,Luanda",Africa,26338.0,12952209,1741103968
145,Saint_Kitts_and_Nevis,"Haiti,Greenland,Anguilla,Cayman Islands,Curaçao,Caribbean Netherlands,Martinique,Saint Pierre and Miquelon,Grenada",country_game/images/wiki_all_map_400pi/Saint_Kitts_and_Nevis_locator_map.png,country_game/images/wiki_flag/Saint_Kitts_and_Nevis_flag.png,Basseterre,"Port-au-Prince,Nuuk,The Valley,George Town,Willemstad,Kralendijk,Fort-de-France,Saint-Pierre,St. George's",Americas,261.0,53192,1741103968
146,Saint_Lucia,"Saint Barthélemy,Suriname,Cuba,Saint Pierre and Miquelon,Bolivia,Chile,Curaçao,Argentina,Turks and Caicos Islands",country_game/images/wiki_all_map_400pi/Saint_Lucia_locator_map.png,country_game/images/wiki_flag/Saint_Lucia_flag.png,Castries,"Gustavia,Paramaribo,Havana,Saint-Pierre,Sucre,Santiago,Willemstad,Buenos Aires,Cockburn Town",Americas,616.0,183629,1741103968
147,Saint_Vincent_and_the_Grenadines,"Guyana,Paraguay,Montserrat,Grenada,Bahamas,Suriname,Dominica,United States,Saint Barthélemy",country_game/images/wiki_all_map_400pi/Saint_Vincent_and_the_Grenadines_locator_map.png,country_game/images/wiki_flag/Saint_Vincent_and_the_Grenadines_flag.png,Kingstown,"Georgetown,Asunción,Plymouth,St. George's,Nassau,Paramaribo,Roseau,Washington, D.C.,Gustavia",Americas,389.0,110947,1741103968
148,Samoa,"Niue,New Caledonia,Micronesia,Northern Mariana Islands,Tokelau,Tonga,Australia,Solomon Islands,Palau",country_game/images/wiki_all_map_400pi/Samoa_locator_map.png,country_game/images/wiki_flag/Samoa_flag.png,Apia,"Alofi,Nouméa,Palikir,Saipan,Fakaofo,Nuku'alofa,Canberra,Honiara,Ngerulmud",Oceania,2842.0,198410,1741103968
149,San_Marino,"Italy,Liechtenstein,Bulgaria,Montenegro,Finland,Hungary,Lithuania,Poland,Moldova",country_game/images/wiki_all_map_400pi/San_Marino_locator_map.png,country_game/images/wiki_flag/San_Marino_flag.png,City of San Marino,"Rome,Vaduz,Sofia,Podgorica,Helsinki,Budapest,Vilnius,Warsaw,Chișinău",Europe,61.0,33938,1741103968
150,São_Tomé_and_Príncipe,"Zambia,Niger,Libya,Sudan,Réunion,Comoros,Tunisia,Zimbabwe,Nigeria",country_game/images/wiki_all_map_400pi/São_Tomé_and_Príncipe_locator_map.png,country_game/images/wiki_flag/So_Tom_and_Prncipe_flag.png,São Tomé,"Lusaka,Niamey,Tripoli,Khartoum,Saint-Denis,Moroni,Tunis,Harare,Abuja",Africa,964.0,219161,1741103968
151,Saudi_Arabia,"Iraq,Jordan,Kuwait,Oman,Qatar,United Arab Emirates,Yemen,Malaysia,Kyrgyzstan",country_game/images/wiki_all_map_400pi/Saudi_Arabia_locator_map.png,country_game/images/wiki_flag/Saudi_Arabia_flag.png,Riyadh,"Baghdad,Amman,Kuwait City,Muscat,Doha,Abu Dhabi,Sana'a,Kuala Lumpur,Bishkek",Asia,2149690.0,34813867,1741103968
152,Senegal,"Gambia,Guinea,Guinea-Bissau,Mali,Mauritania,Cape Verde,Ivory Coast,Somalia,British Indian Ocean Territory",country_game/images/wiki_all_map_400pi/Senegal_locator_map.png,country_game/images/wiki_flag/Senegal_flag.png,Dakar,"Banjul,Conakry,Bissau,Bamako,Nouakchott,Praia,Yamoussoukro,Mogadishu,Diego Garcia",Africa,196722.0,16743930,1741103968
153,Serbia,"Bosnia and Herzegovina,Bulgaria,Croatia,Hungary,Kosovo,North Macedonia,Montenegro,Romania,Denmark",country_game/images/wiki_all_map_400pi/Serbia_locator_map.png,country_game/images/wiki_flag/Serbia_flag.png,Belgrade,"Sarajevo,Sofia,Zagreb,Budapest,Pristina,Skopje,Podgorica,Bucharest,Copenhagen",Europe,88361.0,6908224,1741103968
154,Seychelles,"British Indian Ocean Territory,Mali,Zimbabwe,Djibouti,Algeria,DR Congo,Mozambique,Ivory Coast,Zambia",country_game/images/wiki_all_map_400pi/Seychelles_locator_map.png,country_game/images/wiki_flag/Seychelles_flag.png,Victoria,"Diego Garcia,Bamako,Harare,Djibouti,Algiers,Kinshasa,Maputo,Yamoussoukro,Lusaka",Africa,452.0,98462,1741103968
155,Sierra_Leone,"Guinea,Liberia,Somalia,Algeria,Angola,Djibouti,Senegal,Madagascar,Tanzania",country_game/images/wiki_all_map_400pi/Sierra_Leone_locator_map.png,country_game/images/wiki_flag/Sierra_Leone_flag.png,Freetown,"Conakry,Monrovia,Mogadishu,Algiers,Luanda,Djibouti,Dakar,Antananarivo,Dodoma",Africa,71740.0,7976985,1741103968
156,Singapore,"Jordan,Bangladesh,Pakistan,Macau,Maldives,Myanmar,Israel,Thailand,Oman",country_game/images/wiki_all_map_400pi/Singapore_locator_map.png,country_game/images/wiki_flag/Singapore_flag.png,Singapore,"Amman,Dhaka,Islamabad,Unknown,Malé,Naypyidaw,Jerusalem,Bangkok,Muscat",Asia,710.0,5685807,1741103968
157,Slovakia,"Austria,Czechia,Hungary,Poland,Ukraine,Norway,Russia,France,Belgium",country_game/images/wiki_all_map_400pi/Slovakia_locator_map.png,country_game/images/wiki_flag/Slovakia_flag.png,Bratislava,"Vienna,Prague,Budapest,Warsaw,Kyiv,Oslo,Moscow,Paris,Brussels",Europe,49037.0,5458827,1741103968
158,Slovenia,"Austria,Croatia,Italy,Hungary,Lithuania,Sweden,Cyprus,North Macedonia,Kosovo",country_game/images/wiki_all_map_400pi/Slovenia_locator_map.png,country_game/images/wiki_flag/Slovenia_flag.png,Ljubljana,"Vienna,Zagreb,Rome,Budapest,Vilnius,Stockholm,Nicosia,Skopje,Pristina",Europe,20273.0,2100126,1741103968
159,Solomon_Islands,"New Caledonia,Samoa,Nauru,Niue,Tuvalu,Pitcairn Islands,Cocos (Keeling) Islands,Australia,Guam",country_game/images/wiki_all_map_400pi/Solomon_Islands_locator_map.png,country_game/images/wiki_flag/Solomon_Islands_flag.png,Honiara,"Nouméa,Apia,Yaren,Alofi,Funafuti,Adamstown,West Island,Canberra,Hagåtña",Oceania,28896.0,686878,1741103968
160,Somalia,"Djibouti,Ethiopia,Kenya,Mauritius,Lesotho,Senegal,Tunisia,Cameroon,British Indian Ocean Territory",country_game/images/wiki_all_map_400pi/Somalia_locator_map.png,country_game/images/wiki_flag/Somalia_flag.png,Mogadishu,"Djibouti,Addis Ababa,Nairobi,Port Louis,Maseru,Dakar,Tunis,Yaoundé,Diego Garcia",Africa,637657.0,15893219,1741103968
161,South_Africa,"Botswana,Lesotho,Mozambique,Namibia,Eswatini,Zimbabwe,Mali,Morocco,Uganda",country_game/images/wiki_all_map_400pi/South_Africa_locator_map.png,country_game/images/wiki_flag/South_Africa_flag.png,Pretoria,"Gaborone,Maseru,Maputo,Windhoek,Mbabane,Harare,Bamako,Rabat,Kampala",Africa,1221037.0,59308690,1741103968
162,South_Korea,"North Korea,Yemen,Japan,China,Mongolia,India,Kuwait,Kyrgyzstan,Armenia",country_game/images/wiki_all_map_400pi/South_Korea_locator_map.png,country_game/images/wiki_flag/South_Korea_flag.png,Seoul,"Pyongyang,Sana'a,Tokyo,Beijing,Ulan Bator,New Delhi,Kuwait City,Bishkek,Yerevan",Asia,100210.0,51780579,1741103968
163,South_Sudan,"Central African Republic,DR Congo,Ethiopia,Kenya,Sudan,Uganda,Republic of the Congo,Niger,Saint Helena, Ascension and Tristan da Cunha",country_game/images/wiki_all_map_400pi/South_Sudan_locator_map.png,country_game/images/wiki_flag/South_Sudan_flag.png,Juba,"Bangui,Kinshasa,Addis Ababa,Nairobi,Khartoum,Kampala,Brazzaville,Niamey,Jamestown",Africa,619745.0,11193729,1741103968
164,Spain,"Andorra,France,Gibraltar,Portugal,Morocco,Montenegro,Luxembourg,Italy,Finland",country_game/images/wiki_all_map_400pi/Spain_locator_map.png,country_game/images/wiki_flag/Spain_flag.png,Madrid,"Andorra la Vella,Paris,Gibraltar,Lisbon,Rabat,Podgorica,Luxembourg,Rome,Helsinki",Europe,505992.0,47351567,1741103968
165,Sri_Lanka,"India,Uzbekistan,Palestine,Malaysia,Syria,Laos,Afghanistan,Kyrgyzstan,Armenia",country_game/images/wiki_all_map_400pi/Sri_Lanka_locator_map.png,country_game/images/wiki_flag/Sri_Lanka_flag.png,Sri Jayawardenepura Kotte,"New Delhi,Tashkent,Ramallah,Kuala Lumpur,Damascus,Vientiane,Kabul,Bishkek,Yerevan",Asia,65610.0,21919000,1741103968
166,Sudan,"Central African Republic,Chad,Egypt,Eritrea,Ethiopia,Libya,South Sudan,Niger,Benin",country_game/images/wiki_all_map_400pi/Sudan_locator_map.png,country_game/images/wiki_flag/Sudan_flag.png,Khartoum,"Bangui,N'Djamena,Cairo,Asmara,Addis Ababa,Tripoli,Juba,Niamey,Porto-Novo",Africa,1886068.0,43849269,1741103968
167,Suriname,"Brazil,French Guiana,Guyana,Saint Martin,Sint Maarten,Martinique,Jamaica,Peru,Grenada",country_game/images/wiki_all_map_400pi/Suriname_locator_map.png,country_game/images/wiki_flag/Suriname_flag.png,Paramaribo,"Brasília,Cayenne,Georgetown,Marigot,Philipsburg,Fort-de-France,Kingston,Lima,St. George's",Americas,163820.0,586634,1741103968
168,Sweden,"Finland,Norway,Slovenia,Poland,Cyprus,Denmark,Iceland,Belgium,Germany",country_game/images/wiki_all_map_400pi/Sweden_locator_map.png,country_game/images/wiki_flag/Sweden_flag.png,Stockholm,"Helsinki,Oslo,Ljubljana,Warsaw,Nicosia,Copenhagen,Reykjavik,Brussels,Berlin",Europe,450295.0,10353442,1741103968
169,Switzerland,"Austria,France,Italy,Liechtenstein,Germany,San Marino,Monaco,Bosnia and Herzegovina,United Kingdom",country_game/images/wiki_all_map_400pi/Switzerland_locator_map.png,country_game/images/wiki_flag/Switzerland_flag.png,Bern,"Vienna,Paris,Rome,Vaduz,Berlin,City of San Marino,Monaco,Sarajevo,London",Europe,41284.0,8654622,1741103968
170,Syria,"Iraq,Israel,Jordan,Lebanon,Turkey,Oman,Bangladesh,Singapore,Yemen",country_game/images/wiki_all_map_400pi/Syria_locator_map.png,country_game/images/wiki_flag/Syria_flag.png,Damascus,"Baghdad,Jerusalem,Amman,Beirut,Ankara,Muscat,Dhaka,Singapore,Sana'a",Asia,185180.0,17500657,1741103968
171,Tajikistan,"Afghanistan,China,Kyrgyzstan,Uzbekistan,Bangladesh,South Korea,Philippines,United Arab Emirates,Yemen",country_game/images/wiki_all_map_400pi/Tajikistan_locator_map.png,country_game/images/wiki_flag/Tajikistan_flag.png,Dushanbe,"Kabul,Beijing,Bishkek,Tashkent,Dhaka,Seoul,Manila,Abu Dhabi,Sana'a",Asia,143100.0,9537642,1741103968
172,Tanzania,"Burundi,DR Congo,Kenya,Malawi,Mozambique,Rwanda,Uganda,Zambia,Mauritania",country_game/images/wiki_all_map_400pi/Tanzania_locator_map.png,country_game/images/wiki_flag/Tanzania_flag.png,Dodoma,"Gitega,Kinshasa,Nairobi,Lilongwe,Maputo,Kigali,Kampala,Lusaka,Nouakchott",Africa,945087.0,59734213,1741103968
173,Thailand,"Myanmar,Cambodia,Laos,Malaysia,Sri Lanka,India,Uzbekistan,Hong Kong,Oman",country_game/images/wiki_all_map_400pi/Thailand_locator_map.png,country_game/images/wiki_flag/Thailand_flag.png,Bangkok,"Naypyidaw,Phnom Penh,Vientiane,Kuala Lumpur,Sri Jayawardenepura Kotte,New Delhi,Tashkent,City of Victoria,Muscat",Asia,513120.0,69799978,1741103968
174,Togo,"Benin,Burkina Faso,Ghana,Equatorial Guinea,Western Sahara,Senegal,Gabon,São Tomé and Príncipe,Mayotte",country_game/images/wiki_all_map_400pi/Togo_locator_map.png,country_game/images/wiki_flag/Togo_flag.png,Lomé,"Porto-Novo,Ouagadougou,Accra,Malabo,El Aaiún,Dakar,Libreville,São Tomé,Mamoudzou",Africa,56785.0,8278737,1741103968
175,Tonga,"French Polynesia,Papua New Guinea,Norfolk Island,Palau,Cook Islands,Solomon Islands,Northern Mariana Islands,Micronesia,American Samoa",country_game/images/wiki_all_map_400pi/Tonga_locator_map.png,country_game/images/wiki_flag/Tonga_flag.png,Nuku'alofa,"Papeetē,Port Moresby,Kingston,Ngerulmud,Avarua,Honiara,Saipan,Palikir,Pago Pago",Oceania,747.0,105697,1741103968
176,Trinidad_and_Tobago,"Jamaica,Panama,Aruba,Saint Kitts and Nevis,Chile,Uruguay,Mexico,United States Virgin Islands,Puerto Rico",country_game/images/wiki_all_map_400pi/Trinidad_and_Tobago_locator_map.png,country_game/images/wiki_flag/Trinidad_and_Tobago_flag.png,Port of Spain,"Kingston,Panama City,Oranjestad,Basseterre,Santiago,Montevideo,Mexico City,Charlotte Amalie,San Juan",Americas,5130.0,1399491,1741103968
177,Tunisia,"Algeria,Libya,Mozambique,Liberia,DR Congo,British Indian Ocean Territory,Equatorial Guinea,Namibia,Tanzania",country_game/images/wiki_all_map_400pi/Tunisia_locator_map.png,country_game/images/wiki_flag/Tunisia_flag.png,Tunis,"Algiers,Tripoli,Maputo,Monrovia,Kinshasa,Diego Garcia,Malabo,Windhoek,Dodoma",Africa,163610.0,11818618,1741103968
178,Turkey,"Armenia,Azerbaijan,Bulgaria,Georgia,Greece,Iran,Iraq,Syria,Laos",country_game/images/wiki_all_map_400pi/Turkey_locator_map.png,country_game/images/wiki_flag/Turkey_flag.png,Ankara,"Yerevan,Baku,Sofia,Tbilisi,Athens,Tehran,Baghdad,Damascus,Vientiane",Asia,783562.0,84339067,1741103968
179,Turkmenistan,"Afghanistan,Iran,Kazakhstan,Uzbekistan,Vietnam,Armenia,North Korea,Iraq,South Korea",country_game/images/wiki_all_map_400pi/Turkmenistan_locator_map.png,country_game/images/wiki_flag/Turkmenistan_flag.png,Ashgabat,"Kabul,Tehran,Nur-Sultan,Tashkent,Hanoi,Yerevan,Pyongyang,Baghdad,Seoul",Asia,488100.0,6031187,1741103968
180,Tuvalu,"Solomon Islands,New Zealand,Cocos (Keeling) Islands,Niue,Vanuatu,Marshall Islands,Tonga,Micronesia,Nauru",country_game/images/wiki_all_map_400pi/Tuvalu_locator_map.png,country_game/images/wiki_flag/Tuvalu_flag.png,Funafuti,"Honiara,Wellington,West Island,Alofi,Port Vila,Majuro,Nuku'alofa,Palikir,Yaren",Oceania,26.0,11792,1741103968
181,Uganda,"DR Congo,Kenya,Rwanda,South Sudan,Tanzania,Zambia,Algeria,Namibia,Mozambique",country_game/images/wiki_all_map_400pi/Uganda_locator_map.png,country_game/images/wiki_flag/Uganda_flag.png,Kampala,"Kinshasa,Nairobi,Kigali,Juba,Dodoma,Lusaka,Algiers,Windhoek,Maputo",Africa,241550.0,45741000,1741103968
182,Ukraine,"Belarus,Hungary,Moldova,Poland,Romania,Russia,Slovakia,Isle of Man,Ireland",country_game/images/wiki_all_map_400pi/Ukraine_locator_map.png,country_game/images/wiki_flag/Ukraine_flag.png,Kyiv,"Minsk,Budapest,Chișinău,Warsaw,Bucharest,Moscow,Bratislava,Douglas,Dublin",Europe,603500.0,44134693,1741103968
183,United_Arab_Emirates,"Oman,Saudi Arabia,Bahrain,Kazakhstan,Bangladesh,Vietnam,Afghanistan,Syria,Pakistan",country_game/images/wiki_all_map_400pi/United_Arab_Emirates_locator_map.png,country_game/images/wiki_flag/United_Arab_Emirates_flag.png,Abu Dhabi,"Muscat,Riyadh,Manama,Nur-Sultan,Dhaka,Hanoi,Kabul,Damascus,Islamabad",Asia,83600.0,9890400,1741103968
184,United_Kingdom,"Ireland,Kosovo,Hungary,Denmark,Norway,Slovakia,France,Switzerland,North Macedonia",country_game/images/wiki_all_map_400pi/United_Kingdom_locator_map.png,country_game/images/wiki_flag/United_Kingdom_flag.png,London,"Dublin,Pristina,Budapest,Copenhagen,Oslo,Bratislava,Paris,Bern,Skopje",Europe,242900.0,67215293,1741103968
185,United_States,"Canada,Mexico,Martinique,Falkland Islands,Venezuela,Puerto Rico,Costa Rica,Haiti,Bahamas",country_game/images/wiki_all_map_400pi/United_States_locator_map.png,country_game/images/wiki_flag/United_States_flag.png,"Washington, D.C.","Ottawa,Mexico City,Fort-de-France,Stanley,Caracas,San Juan,San José,Port-au-Prince,Nassau",Americas,9372610.0,329484123,1741103968
186,Uruguay,"Argentina,Brazil,Cayman Islands,Grenada,Saint Martin,El Salvador,Saint Pierre and Miquelon,Honduras,Costa Rica",country_game/images/wiki_all_map_400pi/Uruguay_locator_map.png,country_game/images/wiki_flag/Uruguay_flag.png,Montevideo,"Buenos Aires,Brasília,George Town,St. George's,Marigot,San Salvador,Saint-Pierre,Tegucigalpa,San José",Americas,181034.0,3473727,1741103968
187,Uzbekistan,"Afghanistan,Kazakhstan,Kyrgyzstan,Tajikistan,Turkmenistan,Georgia,North Korea,Israel,Singapore",country_game/images/wiki_all_map_400pi/Uzbekistan_locator_map.png,country_game/images/wiki_flag/Uzbekistan_flag.png,Tashkent,"Kabul,Nur-Sultan,Bishkek,Dushanbe,Ashgabat,Tbilisi,Pyongyang,Jerusalem,Singapore",Asia,447400.0,34232050,1741103968
188,Vanuatu,"Samoa,American Samoa,New Caledonia,Fiji,Christmas Island,Norfolk Island,Wallis and Futuna,Tokelau,Cocos (Keeling) Islands",country_game/images/wiki_all_map_400pi/Vanuatu_locator_map.png,country_game/images/wiki_flag/Vanuatu_flag.png,Port Vila,"Apia,Pago Pago,Nouméa,Suva,Flying Fish Cove,Kingston,Mata-Utu,Fakaofo,West Island",Oceania,12189.0,307150,1741103968
189,Vatican_City,"Italy,Iceland,Gibraltar,Moldova,Romania,Ireland,Albania,Kosovo,Slovenia",country_game/images/wiki_all_map_400pi/Vatican_City_locator_map.png,country_game/images/wiki_flag/Vatican_City_flag.png,Vatican City,"Rome,Reykjavik,Gibraltar,Chișinău,Bucharest,Dublin,Tirana,Pristina,Ljubljana",Europe,0.44,451,1741103968
190,Venezuela,"Brazil,Colombia,Guyana,Sint Maarten,Saint Kitts and Nevis,Chile,French Guiana,Guatemala,Peru",country_game/images/wiki_all_map_400pi/Venezuela_locator_map.png,country_game/images/wiki_flag/Venezuela_flag.png,Caracas,"Brasília,Bogotá,Georgetown,Philipsburg,Basseterre,Santiago,Cayenne,Guatemala City,Lima",Americas,916445.0,28435943,1741103968
191,Vietnam,"Cambodia,China,Laos,Tajikistan,Bhutan,Pakistan,Jordan,Oman,Afghanistan",country_game/images/wiki_all_map_400pi/Vietnam_locator_map.png,country_game/images/wiki_flag/Vietnam_flag.png,Hanoi,"Phnom Penh,Beijing,Vientiane,Dushanbe,Thimphu,Islamabad,Amman,Muscat,Kabul",Asia,331212.0,97338583,1741103968
192,Yemen,"Oman,Saudi Arabia,Qatar,Bangladesh,Bhutan,Hong Kong,Laos,Lebanon,Bahrain",country_game/images/wiki_all_map_400pi/Yemen_locator_map.png,country_game/images/wiki_flag/Yemen_flag.png,Sana'a,"Muscat,Riyadh,Doha,Dhaka,Thimphu,City of Victoria,Vientiane,Beirut,Manama",Asia,527968.0,29825968,1741103968
193,Zambia,"Angola,Botswana,DR Congo,Malawi,Mozambique,Namibia,Tanzania,Zimbabwe,Cape Verde",country_game/images/wiki_all_map_400pi/Zambia_locator_map.png,country_game/images/wiki_flag/Zambia_flag.png,Lusaka,"Luanda,Gaborone,Kinshasa,Lilongwe,Maputo,Windhoek,Dodoma,Harare,Praia",Africa,752612.0,18383956,1741103968
194,Zimbabwe,"Botswana,Mozambique,South Africa,Zambia,Gambia,Cameroon,Benin,South Sudan,Burkina Faso",country_game/images/wiki_all_map_400pi/Zimbabwe_locator_map.png,country_game/images/wiki_flag/Zimbabwe_flag.png,Harare,"Gaborone,Maputo,Pretoria,Lusaka,Banjul,Yaoundé,Porto-Novo,Juba,Ouagadougou",Africa,390757.0,14862927,1741103968
